Type,Name,Request Count,Failure Count,Median Response Time,Average Response Time,Min Response Time,Max Response Time,Average Content Size,Requests/s,Failures/s,50%,66%,75%,80%,90%,95%,98%,99%,99.9%,99.99%,100%
POST,/auth/login,30,0,5400.0,5907.034746666129,2644.484700052999,10988.49869996775,852.6,0.16770417541055538,0.0,5500,6700,8100,9000,10000,11000,11000,11000,11000,11000,11000
GET,/auth/me,30,0,1600.0,2790.113839992167,2.7605999493971467,7885.505100013688,177.63333333333333,0.16770417541055538,0.0,1800,3500,5100,6000,7000,7800,7900,7900,7900,7900,7900
POST,/estilo_vida [POST],151,0,2100.0,1897.4131410625387,43.03149995394051,2268.9285000087693,41.47682119205298,0.8441110162331287,0.0,2100,2100,2100,2100,2100,2200,2200,2200,2300,2300,2300
POST,/paciente [POST],140,0,2100.0,1466.435607857836,39.583700010553,2217.3669999465346,29.392857142857142,0.7826194852492584,0.0,2100,2100,2100,2100,2100,2100,2200,2200,2200,2200,2200
GET,/paciente/{id} [GET],308,0,2100.0,1386.2152857155625,38.387599983252585,2210.0106000434607,141.08116883116884,1.7217628675483685,0.0,2100,2100,2100,2100,2100,2100,2200,2200,2200,2200,2200
GET,/predict_diabetes/{id} [GET],320,0,2200.0,1707.2927550038003,101.24290001112968,2907.3807999957353,134.45,1.7888445377125906,0.0,2200,2200,2200,2200,2200,2300,2300,2500,2900,2900,2900
POST,/predict_hypertension [POST],171,0,2100.0,1902.8816561402525,63.76699998509139,4200.770099996589,129.4795321637427,0.9559137998401656,0.0,2100,2100,2100,2100,2100,2200,2200,4200,4200,4200,4200
GET,/recommendations/{id} [GET],318,0,2100.0,1567.6847522010817,39.44289998617023,2218.8648000592366,951.9119496855346,1.777664259351887,0.0,2100,2100,2100,2100,2100,2100,2200,2200,2200,2200,2200
,Aggregated,1468,0,2100.0,1737.009081063914,2.7605999493971467,10988.49869996775,308.31811989100817,8.20632431675651,0.0,2100,2100,2100,2200,2200,2200,4200,6700,11000,11000,11000
