Type,Name,Request Count,Failure Count,Median Response Time,Average Response Time,Min Response Time,Max Response Time,Average Content Size,Requests/s,Failures/s,50%,66%,75%,80%,90%,95%,98%,99%,99.9%,99.99%,100%
POST,/auth/login,50,0,5000.0,5529.5971560059115,2693.8775999005884,11479.32949999813,852.2,0.16782638403337566,0.0,5300,6100,7000,7800,8800,10000,11000,11000,11000,11000,11000
GET,/auth/me,50,0,1900.0,2300.46978399856,3.0930000357329845,6465.177499921992,177.52,0.16782638403337566,0.0,2000,2800,3600,4400,5400,5800,6500,6500,6500,6500,6500
POST,/estilo_vida [POST],438,0,2100.0,1914.9829568492873,56.82530009653419,2318.6052000382915,41.38812785388128,1.4701591241323706,0.0,2100,2100,2100,2100,2200,2200,2300,2300,2300,2300,2300
POST,/paciente [POST],418,0,2100.0,1398.4207119608886,47.82199999317527,2282.966800034046,29.413875598086126,1.4030285705190204,0.0,2100,2100,2100,2100,2200,2200,2200,2200,2300,2300,2300
GET,/paciente/{id} [GET],872,0,2100.0,1411.815024774448,48.792899935506284,2633.3852000534534,140.85321100917432,2.926892137542071,0.0,2100,2100,2100,2100,2200,2200,2200,2300,2600,2600,2600
GET,/predict_diabetes/{id} [GET],856,0,2200.0,1750.5652273391215,122.24629998672754,3487.551699974574,134.3948598130841,2.8731876946513912,0.0,2200,2200,2300,2300,2300,2400,2400,2600,3500,3500,3500
POST,/predict_hypertension [POST],454,0,2200.0,1946.7762242248775,72.57399999070913,2872.7990998886526,129.3942731277533,1.523863567023051,0.0,2200,2200,2200,2200,2200,2300,2300,2300,2900,2900,2900
GET,/recommendations/{id} [GET],887,0,2100.0,1691.1261880470036,47.79780004173517,4359.837099909782,1323.4543404735061,2.977240052752084,0.0,2100,2100,2100,2100,2200,2200,2200,2300,4400,4400,4400
,Aggregated,4025,0,2100.0,1721.3062386338524,3.0930000357329845,11479.32949999813,385.6954037267081,13.51002391468674,0.0,2100,2200,2200,2200,2300,2300,2700,4400,8800,11000,11000
