Type,Name,Request Count,Failure Count,Median Response Time,Average Response Time,Min Response Time,Max Response Time,Average Content Size,Requests/s,Failures/s,50%,66%,75%,80%,90%,95%,98%,99%,99.9%,99.99%,100%
POST,/auth/login,100,0,21000.0,21745.97826400306,2892.938800039701,45440.2407000307,851.24,0.5600565364536884,0.0,22000,28000,33000,34000,39000,42000,45000,45000,45000,45000,45000
GET,/auth/me,100,0,17000.0,18056.167691998417,2.0537000382319093,41680.17479998525,177.27,0.5600565364536884,0.0,18000,25000,29000,31000,35000,38000,41000,42000,42000,42000,42000
POST,/estilo_vida [POST],633,0,2100.0,1679.2448022094588,53.4031999995932,2785.87400005199,41.37282780410742,3.5451578757518476,0.0,2100,2100,2100,2100,2200,2200,2200,2300,2800,2800,2800
POST,/paciente [POST],664,0,98,907.268455425973,42.673899908550084,2712.569099967368,29.382530120481928,3.718775402052491,0.0,98,2100,2100,2100,2100,2100,2200,2300,2700,2700,2700
GET,/paciente/{id} [GET],1323,0,170.0,1022.8230660615485,41.774700046516955,2990.3737999266014,140.83597883597884,7.409547977282298,0.0,170,2100,2100,2100,2100,2200,2300,2400,2800,3000,3000
GET,/predict_diabetes/{id} [GET],1326,0,2200.0,1365.1592826539563,112.31899994891137,4365.43729994446,134.34766214177978,7.426349673375908,0.0,2200,2200,2200,2200,2300,2300,2400,2500,4400,4400,4400
POST,/predict_hypertension [POST],702,0,2100.0,1661.374111539927,69.57619998138398,3634.1206000652164,129.35327635327636,3.9315968859048924,0.0,2100,2100,2200,2200,2200,2300,2400,2500,3600,3600,3600
GET,/recommendations/{id} [GET],1371,0,2100.0,1274.0045468997819,44.334799982607365,4079.9492000369355,1164.6994894237782,7.678375114780068,0.0,2100,2100,2100,2100,2100,2200,2300,2500,2700,4100,4100
,Aggregated,6219,0,2100.0,1884.8599123815363,2.0537000382319093,45440.2407000307,353.8559253899341,34.82991600205488,0.0,2100,2100,2100,2200,2200,2300,14000,28000,41000,45000,45000
