Type,Name,Request Count,Failure Count,Median Response Time,Average Response Time,Min Response Time,Max Response Time,Average Content Size,Requests/s,Failures/s,50%,66%,75%,80%,90%,95%,98%,99%,99.9%,99.99%,100%
POST,/auth/login,200,0,28000.0,35078.1201585,2953.004700000065,102175.83360000003,852.99,0.3342053965293029,0.0,28000,38000,46000,57000,82000,93000,99000,101000,102000,102000,102000
GET,/auth/me,200,0,19000.0,20507.546974999997,4.727699999875767,59412.539799999875,177.74,0.3342053965293029,0.0,19000,26000,31000,34000,40000,49000,56000,58000,59000,59000,59000
POST,/estilo_vida [POST],4704,2,2200.0,1821.8526745748316,42.568800000026386,4984.752200000003,41.41645408163265,7.860510926369205,0.0033420539652930293,2200,2200,2300,2300,2400,2600,2900,3100,4600,5000,5000
POST,/paciente [POST],4656,43,740.0,1309.0707392611741,8.211800000026415,4929.5174999999745,29.170747422680414,7.780301631202172,0.07185416025380013,740,2200,2300,2400,2800,3100,3600,3900,4600,4900,4900
GET,/paciente/{id} [GET],9367,90,1300.0,1535.6127914487054,2.387300000009418,6322.880899999973,139.55759581509554,15.652509746449903,0.15039242843818632,1300,2200,2400,2600,3100,3600,4300,4700,5500,6300,6300
GET,/predict_diabetes/{id} [GET],9359,0,2300.0,1612.3992421305663,111.38639999990119,8671.550200000183,134.45656587242226,15.63914153058873,0.0,2300,2300,2400,2400,2500,2700,2800,2900,3400,8700,8700
POST,/predict_hypertension [POST],4701,0,2200.0,1837.1182728781107,65.18410000012409,3532.045200000084,129.45990214847905,7.855497845421265,0.0,2200,2200,2300,2300,2400,2500,2700,2700,3100,3500,3500
GET,/recommendations/{id} [GET],9351,2,2100.0,1381.571494396319,1.5714999999545398,3179.651500000091,784.9529462089616,15.625773314727558,0.0033420539652930293,2100,2200,2200,2200,2300,2300,2400,2500,2700,3200,3200
,Aggregated,42538,137,2100.0,1805.7280393859494,1.5714999999545398,102175.83360000003,259.7933377215666,71.08214578781744,0.2289306966225725,2100,2200,2300,2400,2600,2900,3800,4900,57000,98000,102000
