Type,Name,Request Count,Failure Count,Median Response Time,Average Response Time,Min Response Time,Max Response Time,Average Content Size,Requests/s,Failures/s,50%,66%,75%,80%,90%,95%,98%,99%,99.9%,99.99%,100%
POST,/auth/login [CSV],100,0,11000.0,12974.807630000003,3613.4721999999897,33673.32689999995,856.08,0.33459171063249243,0.0,11000,14000,17000,20000,26000,31000,32000,34000,34000,34000,34000
GET,/auth/me [CSV],100,0,6500.0,8275.329274999996,4.520399999989877,26726.735899999992,178.58,0.33459171063249243,0.0,6600,10000,12000,14000,21000,24000,26000,27000,27000,27000,27000
POST,/estilo_vida [POST],848,0,2100.0,1858.574871344342,43.83079999996653,4171.884500000033,41.62382075471698,2.837337706163536,0.0,2100,2100,2100,2100,2100,2200,2200,2300,4200,4200,4200
POST,/paciente [POST],840,1,2100.0,1395.5607551190492,40.62790000000405,4172.669499999984,29.542857142857144,2.8105703693129365,0.0033459171063249245,2100,2100,2100,2100,2100,2200,2200,2200,4200,4200,4200
GET,/paciente/{id} [GET],1661,0,2100.0,1414.4312393136713,38.66479999999228,2796.929900000009,141.23058398555088,5.5575683136056995,0.0,2100,2100,2100,2100,2100,2200,2200,2400,2700,2800,2800
GET,/predict_diabetes/{id} [GET],1657,0,2200.0,1740.2727196137587,102.98140000003286,4288.407600000028,134.62160531080266,5.5441846451804,0.0,2200,2200,2200,2200,2200,2300,2400,2500,4300,4300,4300
POST,/predict_hypertension [POST],876,0,2100.0,1879.1989224885858,64.83900000000631,4208.599700000036,129.57876712328766,2.9310233851406338,0.0,2100,2100,2100,2100,2200,2200,2300,2400,4200,4200,4200
GET,/recommendations/{id} [GET],1690,0,2100.0,1624.407586923077,40.69339999995236,4191.714499999989,666.7467455621302,5.654599909689122,0.0,2100,2100,2100,2100,2100,2200,2200,2300,4200,4200,4200
,Aggregated,7772,1,2100.0,1865.386705944421,4.520399999989877,33673.32689999995,239.51930005146681,26.004467750357314,0.0033459171063249245,2100,2100,2100,2200,2200,2300,4500,11000,29000,34000,34000
