Type,Name,Request Count,Failure Count,Median Response Time,Average Response Time,Min Response Time,Max Response Time,Average Content Size,Requests/s,Failures/s,50%,66%,75%,80%,90%,95%,98%,99%,99.9%,99.99%,100%
POST,/auth/login,30,0,3500.0,4329.20210332765,2655.810199910775,8655.259299906902,854.8,0.1003823094531419,0.0,3900,4500,5300,5900,7500,8100,8700,8700,8700,8700,8700
GET,/auth/me,30,0,770.0,1515.8312400065672,1.847500097937882,5742.472299956717,178.23333333333332,0.1003823094531419,0.0,1200,1800,2500,3100,4500,5100,5700,5700,5700,5700,5700
POST,/estilo_vida [POST],546,0,2100.0,1685.0321767412488,43.70010003913194,2917.9377000546083,41.505494505494504,1.8269580320471828,0.0,2100,2100,2100,2100,2100,2200,2200,2200,2900,2900,2900
POST,/guardar_historial [POST],504,0,2100.0,1673.395186112242,50.524999969638884,3910.6142999371514,15.0,1.686422798812784,0.0,2100,2100,2100,2100,2100,2200,2200,2200,3900,3900,3900
POST,/paciente [POST],499,0,2100.0,1241.3863478956803,39.98249990399927,2299.0516999270767,29.55511022044088,1.669692413903927,0.0,2100,2100,2100,2100,2100,2200,2200,2200,2300,2300,2300
GET,/paciente/{id} [GET],481,0,2100.0,1314.687270686861,39.25829997751862,3400.678199948743,145.49272349272348,1.609463028232042,0.0,2100,2100,2100,2100,2100,2200,2200,2200,3400,3400,3400
POST,/predict_hypertension [POST],451,0,2100.0,1780.9544164078732,64.53109998255968,6486.905499943532,129.54767184035478,1.5090807187789,0.0,2100,2100,2100,2100,2100,2200,2200,2200,6500,6500,6500
,Aggregated,2541,0,2100.0,1571.742050059659,1.847500097937882,8655.259299906902,80.42857142857143,8.50238161068112,0.0,2100,2100,2100,2100,2100,2200,2300,3300,7500,8700,8700
