Type,Name,Request Count,Failure Count,Median Response Time,Average Response Time,Min Response Time,Max Response Time,Average Content Size,Requests/s,Failures/s,50%,66%,75%,80%,90%,95%,98%,99%,99.9%,99.99%,100%
POST,/auth/login,50,0,4500.0,4791.767437995877,2636.871499940753,8734.918299946003,853.82,0.16728353229646428,0.0,4500,5400,6100,6700,7400,8000,8700,8700,8700,8700,8700
GET,/auth/me,50,0,1900.0,2067.639664008748,1.573599991388619,6072.5584999891,177.96,0.16728353229646428,0.0,1900,2700,3400,3900,4600,5200,6100,6100,6100,6100,6100
POST,/estilo_vida [POST],427,0,2100.0,1911.154942620007,43.94589993171394,2236.165300011635,41.44730679156908,1.4286013658118049,0.0,2100,2100,2100,2100,2100,2200,2200,2200,2200,2200,2200
POST,/paciente [POST],472,0,2100.0,1434.7341150428676,40.50120001193136,2282.6230000937358,29.47669491525424,1.5791565448786227,0.0,2100,2100,2100,2100,2100,2100,2200,2200,2300,2300,2300
GET,/paciente/{id} [GET],860,0,2100.0,1341.909826742377,38.59330003615469,4310.554400086403,140.98488372093024,2.8772767554991856,0.0,2100,2100,2100,2100,2100,2200,2200,2200,4300,4300,4300
GET,/predict_diabetes/{id} [GET],886,0,2200.0,1687.1638275438795,103.98790007457137,4248.335400014184,134.4943566591422,2.964264192293347,0.0,2200,2200,2200,2200,2200,2300,2300,2400,4200,4200,4200
POST,/predict_hypertension [POST],452,0,2100.0,1871.801150888019,64.13560011424124,2644.6078999433666,129.49557522123894,1.5122431319600371,0.0,2100,2100,2100,2100,2100,2200,2200,2200,2600,2600,2600
GET,/recommendations/{id} [GET],884,0,2100.0,1612.0735398203722,40.65059998538345,3719.022799981758,553.7816742081448,2.9575728510014883,0.0,2100,2100,2100,2100,2100,2200,2200,2300,3700,3700,3700
,Aggregated,4081,0,2100.0,1655.531671037521,1.573599991388619,8734.918299946003,213.5956873315364,13.653681906037415,0.0,2100,2100,2100,2200,2200,2200,2600,3900,7400,8700,8700
