Type,Name,Request Count,Failure Count,Median Response Time,Average Response Time,Min Response Time,Max Response Time,Average Content Size,Requests/s,Failures/s,50%,66%,75%,80%,90%,95%,98%,99%,99.9%,99.99%,100%
POST,/auth/login,5,0,4708.5647999774665,5123.138320003636,4708.5647999774665,6036.693000001833,856.2,0.08637106430964253,0.0,4700,5400,5400,6000,6000,6000,6000,6000,6000,6000,6000
GET,/auth/me,5,0,5,392.8550800308585,2.0343000069260597,1300.457900040783,178.6,0.08637106430964253,0.0,5,650,650,1300,1300,1300,1300,1300,1300,1300,1300
POST,/estilo_vida [POST],8,0,2100.0,2384.048924985109,45.70939997211099,4266.967299976386,41.625,0.13819370289542804,0.0,2100,2200,4200,4200,4300,4300,4300,4300,4300,4300,4300
POST,/paciente [POST],5,0,2100.0,2092.6111599896103,41.171499993652105,4150.759599986486,29.8,0.08637106430964253,0.0,2100,4100,4100,4200,4200,4200,4200,4200,4200,4200,4200
GET,/paciente/{id} [GET],10,0,2100.0,1909.385880024638,140.90180001221597,2205.178300035186,141.4,0.17274212861928506,0.0,2100,2100,2100,2100,2200,2200,2200,2200,2200,2200,2200
GET,/predict_diabetes/{id} [GET],10,0,2200.0,2584.6191599965096,108.4517000708729,4227.5737000163645,134.6,0.17274212861928506,0.0,2200,4200,4200,4200,4200,4200,4200,4200,4200,4200,4200
POST,/predict_hypertension [POST],8,0,2100.0,2133.213324996177,64.25850000232458,4176.184999989346,129.5,0.13819370289542804,0.0,2100,2200,4200,4200,4200,4200,4200,4200,4200,4200,4200
GET,/recommendations/{id} [GET],6,0,2100.0,2092.4792833199413,41.49109998252243,4143.758799997158,81.5,0.10364527717157103,0.0,2100,2100,4100,4100,4100,4100,4100,4100,4100,4100,4100
,Aggregated,57,0,2100.0,2310.1060859667004,2.0343000069260597,6036.693000001833,174.40350877192984,0.9846301331299248,0.0,2100,2200,4100,4200,4300,4700,5400,6000,6000,6000,6000
