Type,Name,Request Count,Failure Count,Median Response Time,Average Response Time,Min Response Time,Max Response Time,Average Content Size,Requests/s,Failures/s,50%,66%,75%,80%,90%,95%,98%,99%,99.9%,99.99%,100%
POST,/auth/login,50,0,7200.0,7206.313193999999,2902.71580000001,14259.928599999967,853.52,0.05571395646407601,0.0,7200,8500,9100,9900,12000,13000,14000,14000,14000,14000,14000
GET,/auth/me,50,0,2800.0,3383.6137980000035,2.3291999999628388,8032.910199999947,177.88,0.05571395646407601,0.0,3400,4400,5200,6100,7100,7800,8000,8000,8000,8000,8000
POST,/estilo_vida [POST],931,0,2100.0,1898.2477256713216,44.37740000003032,2500.452600000017,41.47153598281418,1.0373938693610953,0.0,2100,2100,2100,2100,2100,2200,2200,2200,2500,2500,2500
POST,/paciente [POST],998,0,2100.0,1401.8053251502984,40.54030000020248,2267.233600000054,29.48697394789579,1.1120505710229571,0.0,2100,2100,2100,2100,2100,2100,2200,2200,2300,2300,2300
GET,/paciente/{id} [GET],1875,0,2100.0,1461.8796827200024,39.5178000001124,3270.26879999994,140.94613333333334,2.0892733674028503,0.0,2100,2100,2100,2100,2100,2200,2200,2200,2800,3300,3300
GET,/predict_diabetes/{id} [GET],1953,0,2200.0,1739.599392370708,105.87949999990087,4305.067400000098,134.47977470558115,2.176187139486809,0.0,2200,2200,2200,2200,2300,2300,2300,2300,3800,4300,4300
POST,/predict_hypertension [POST],926,0,2100.0,1914.9443227861755,65.44000000008054,2596.060499999794,129.46328293736502,1.0318224737146877,0.0,2100,2100,2100,2100,2100,2200,2200,2200,2600,2600,2600
GET,/recommendations/{id} [GET],1905,0,2100.0,1676.5396395275654,41.33299999989504,3053.7308000000394,910.4540682414698,2.122701741281296,0.0,2100,2100,2100,2100,2100,2200,2200,2200,2800,3100,3100
,Aggregated,8688,0,2100.0,1703.6458530501895,2.3291999999628388,14259.928599999967,287.84749079189686,9.680857075197848,0.0,2100,2100,2100,2200,2200,2200,2300,2700,10000,14000,14000
